{
  "best_metric": null,
  "best_model_checkpoint": null,
  "epoch": 0.9937452504822587,
  "eval_steps": 500,
  "global_step": 17000,
  "is_hyper_param_search": false,
  "is_local_process_zero": true,
  "is_world_process_zero": true,
  "log_history": [
    {
      "epoch": 0.0,
      "learning_rate": 0.00019973107278573518,
      "loss": 2.2315,
      "step": 25
    },
    {
      "epoch": 0.0,
      "learning_rate": 0.00019943876059631688,
      "loss": 1.1626,
      "step": 50
    },
    {
      "epoch": 0.0,
      "learning_rate": 0.0001991464484068986,
      "loss": 1.5476,
      "step": 75
    },
    {
      "epoch": 0.01,
      "learning_rate": 0.0001988541362174803,
      "loss": 1.0785,
      "step": 100
    },
    {
      "epoch": 0.01,
      "learning_rate": 0.00019856182402806197,
      "loss": 1.5655,
      "step": 125
    },
    {
      "epoch": 0.01,
      "learning_rate": 0.00019826951183864368,
      "loss": 1.0815,
      "step": 150
    },
    {
      "epoch": 0.01,
      "learning_rate": 0.00019797719964922538,
      "loss": 1.5226,
      "step": 175
    },
    {
      "epoch": 0.01,
      "learning_rate": 0.00019768488745980708,
      "loss": 1.1062,
      "step": 200
    },
    {
      "epoch": 0.01,
      "learning_rate": 0.0001973925752703888,
      "loss": 1.5504,
      "step": 225
    },
    {
      "epoch": 0.01,
      "learning_rate": 0.0001971002630809705,
      "loss": 1.0455,
      "step": 250
    },
    {
      "epoch": 0.02,
      "learning_rate": 0.0001968079508915522,
      "loss": 1.5317,
      "step": 275
    },
    {
      "epoch": 0.02,
      "learning_rate": 0.0001965156387021339,
      "loss": 1.0674,
      "step": 300
    },
    {
      "epoch": 0.02,
      "learning_rate": 0.0001962233265127156,
      "loss": 1.5212,
      "step": 325
    },
    {
      "epoch": 0.02,
      "learning_rate": 0.00019593101432329731,
      "loss": 1.0399,
      "step": 350
    },
    {
      "epoch": 0.02,
      "learning_rate": 0.000195638702133879,
      "loss": 1.5464,
      "step": 375
    },
    {
      "epoch": 0.02,
      "learning_rate": 0.0001953463899444607,
      "loss": 1.1061,
      "step": 400
    },
    {
      "epoch": 0.02,
      "learning_rate": 0.00019505407775504237,
      "loss": 1.5026,
      "step": 425
    },
    {
      "epoch": 0.03,
      "learning_rate": 0.00019476176556562408,
      "loss": 1.1216,
      "step": 450
    },
    {
      "epoch": 0.03,
      "learning_rate": 0.00019446945337620578,
      "loss": 1.5796,
      "step": 475
    },
    {
      "epoch": 0.03,
      "learning_rate": 0.0001941771411867875,
      "loss": 1.0601,
      "step": 500
    },
    {
      "epoch": 0.03,
      "learning_rate": 0.0001938848289973692,
      "loss": 1.5267,
      "step": 525
    },
    {
      "epoch": 0.03,
      "learning_rate": 0.0001935925168079509,
      "loss": 1.0423,
      "step": 550
    },
    {
      "epoch": 0.03,
      "learning_rate": 0.0001933002046185326,
      "loss": 1.5143,
      "step": 575
    },
    {
      "epoch": 0.04,
      "learning_rate": 0.0001930078924291143,
      "loss": 1.0485,
      "step": 600
    },
    {
      "epoch": 0.04,
      "learning_rate": 0.000192715580239696,
      "loss": 1.5176,
      "step": 625
    },
    {
      "epoch": 0.04,
      "learning_rate": 0.00019242326805027772,
      "loss": 1.0652,
      "step": 650
    },
    {
      "epoch": 0.04,
      "learning_rate": 0.0001921309558608594,
      "loss": 1.5342,
      "step": 675
    },
    {
      "epoch": 0.04,
      "learning_rate": 0.0001918386436714411,
      "loss": 1.0145,
      "step": 700
    },
    {
      "epoch": 0.04,
      "learning_rate": 0.0001915463314820228,
      "loss": 1.4855,
      "step": 725
    },
    {
      "epoch": 0.04,
      "learning_rate": 0.0001912540192926045,
      "loss": 1.0391,
      "step": 750
    },
    {
      "epoch": 0.05,
      "learning_rate": 0.00019096170710318622,
      "loss": 1.5178,
      "step": 775
    },
    {
      "epoch": 0.05,
      "learning_rate": 0.00019066939491376792,
      "loss": 1.0412,
      "step": 800
    },
    {
      "epoch": 0.05,
      "learning_rate": 0.00019037708272434962,
      "loss": 1.5575,
      "step": 825
    },
    {
      "epoch": 0.05,
      "learning_rate": 0.00019008477053493133,
      "loss": 1.0422,
      "step": 850
    },
    {
      "epoch": 0.05,
      "learning_rate": 0.00018979245834551303,
      "loss": 1.5201,
      "step": 875
    },
    {
      "epoch": 0.05,
      "learning_rate": 0.00018950014615609474,
      "loss": 1.043,
      "step": 900
    },
    {
      "epoch": 0.05,
      "learning_rate": 0.00018920783396667642,
      "loss": 1.4654,
      "step": 925
    },
    {
      "epoch": 0.06,
      "learning_rate": 0.00018891552177725812,
      "loss": 0.9893,
      "step": 950
    },
    {
      "epoch": 0.06,
      "learning_rate": 0.0001886232095878398,
      "loss": 1.5111,
      "step": 975
    },
    {
      "epoch": 0.06,
      "learning_rate": 0.0001883308973984215,
      "loss": 1.0422,
      "step": 1000
    },
    {
      "epoch": 0.06,
      "learning_rate": 0.0001880385852090032,
      "loss": 1.5012,
      "step": 1025
    },
    {
      "epoch": 0.06,
      "learning_rate": 0.00018774627301958491,
      "loss": 1.0249,
      "step": 1050
    },
    {
      "epoch": 0.06,
      "learning_rate": 0.00018745396083016662,
      "loss": 1.5215,
      "step": 1075
    },
    {
      "epoch": 0.06,
      "learning_rate": 0.00018716164864074832,
      "loss": 1.0306,
      "step": 1100
    },
    {
      "epoch": 0.07,
      "learning_rate": 0.00018686933645133003,
      "loss": 1.5221,
      "step": 1125
    },
    {
      "epoch": 0.07,
      "learning_rate": 0.00018657702426191173,
      "loss": 1.0536,
      "step": 1150
    },
    {
      "epoch": 0.07,
      "learning_rate": 0.00018628471207249344,
      "loss": 1.5278,
      "step": 1175
    },
    {
      "epoch": 0.07,
      "learning_rate": 0.00018599239988307514,
      "loss": 1.1204,
      "step": 1200
    },
    {
      "epoch": 0.07,
      "learning_rate": 0.00018570008769365682,
      "loss": 1.5118,
      "step": 1225
    },
    {
      "epoch": 0.07,
      "learning_rate": 0.00018540777550423853,
      "loss": 1.0,
      "step": 1250
    },
    {
      "epoch": 0.07,
      "learning_rate": 0.00018511546331482023,
      "loss": 1.5184,
      "step": 1275
    },
    {
      "epoch": 0.08,
      "learning_rate": 0.00018482315112540194,
      "loss": 1.0111,
      "step": 1300
    },
    {
      "epoch": 0.08,
      "learning_rate": 0.00018453083893598364,
      "loss": 1.4786,
      "step": 1325
    },
    {
      "epoch": 0.08,
      "learning_rate": 0.00018423852674656535,
      "loss": 0.9946,
      "step": 1350
    },
    {
      "epoch": 0.08,
      "learning_rate": 0.00018394621455714705,
      "loss": 1.5198,
      "step": 1375
    },
    {
      "epoch": 0.08,
      "learning_rate": 0.00018365390236772875,
      "loss": 1.0316,
      "step": 1400
    },
    {
      "epoch": 0.08,
      "learning_rate": 0.00018336159017831046,
      "loss": 1.5346,
      "step": 1425
    },
    {
      "epoch": 0.08,
      "learning_rate": 0.00018306927798889216,
      "loss": 1.0901,
      "step": 1450
    },
    {
      "epoch": 0.09,
      "learning_rate": 0.00018277696579947384,
      "loss": 1.4782,
      "step": 1475
    },
    {
      "epoch": 0.09,
      "learning_rate": 0.00018248465361005555,
      "loss": 1.0172,
      "step": 1500
    },
    {
      "epoch": 0.09,
      "learning_rate": 0.00018219234142063725,
      "loss": 1.5433,
      "step": 1525
    },
    {
      "epoch": 0.09,
      "learning_rate": 0.00018190002923121896,
      "loss": 1.018,
      "step": 1550
    },
    {
      "epoch": 0.09,
      "learning_rate": 0.00018160771704180066,
      "loss": 1.5388,
      "step": 1575
    },
    {
      "epoch": 0.09,
      "learning_rate": 0.00018131540485238234,
      "loss": 1.0744,
      "step": 1600
    },
    {
      "epoch": 0.09,
      "learning_rate": 0.00018102309266296404,
      "loss": 1.5053,
      "step": 1625
    },
    {
      "epoch": 0.1,
      "learning_rate": 0.00018073078047354575,
      "loss": 1.0159,
      "step": 1650
    },
    {
      "epoch": 0.1,
      "learning_rate": 0.00018043846828412745,
      "loss": 1.516,
      "step": 1675
    },
    {
      "epoch": 0.1,
      "learning_rate": 0.00018014615609470916,
      "loss": 1.0192,
      "step": 1700
    },
    {
      "epoch": 0.1,
      "learning_rate": 0.00017985384390529086,
      "loss": 1.5187,
      "step": 1725
    },
    {
      "epoch": 0.1,
      "learning_rate": 0.00017956153171587257,
      "loss": 1.0237,
      "step": 1750
    },
    {
      "epoch": 0.1,
      "learning_rate": 0.00017926921952645425,
      "loss": 1.5159,
      "step": 1775
    },
    {
      "epoch": 0.11,
      "learning_rate": 0.00017897690733703595,
      "loss": 1.0625,
      "step": 1800
    },
    {
      "epoch": 0.11,
      "learning_rate": 0.00017868459514761766,
      "loss": 1.5491,
      "step": 1825
    },
    {
      "epoch": 0.11,
      "learning_rate": 0.00017839228295819936,
      "loss": 1.0106,
      "step": 1850
    },
    {
      "epoch": 0.11,
      "learning_rate": 0.00017809997076878107,
      "loss": 1.5618,
      "step": 1875
    },
    {
      "epoch": 0.11,
      "learning_rate": 0.00017780765857936277,
      "loss": 1.0326,
      "step": 1900
    },
    {
      "epoch": 0.11,
      "learning_rate": 0.00017751534638994448,
      "loss": 1.5141,
      "step": 1925
    },
    {
      "epoch": 0.11,
      "learning_rate": 0.00017722303420052618,
      "loss": 1.0622,
      "step": 1950
    },
    {
      "epoch": 0.12,
      "learning_rate": 0.00017693072201110789,
      "loss": 1.4708,
      "step": 1975
    },
    {
      "epoch": 0.12,
      "learning_rate": 0.0001766384098216896,
      "loss": 1.013,
      "step": 2000
    },
    {
      "epoch": 0.12,
      "learning_rate": 0.00017634609763227127,
      "loss": 1.499,
      "step": 2025
    },
    {
      "epoch": 0.12,
      "learning_rate": 0.00017605378544285297,
      "loss": 1.0107,
      "step": 2050
    },
    {
      "epoch": 0.12,
      "learning_rate": 0.00017576147325343468,
      "loss": 1.5241,
      "step": 2075
    },
    {
      "epoch": 0.12,
      "learning_rate": 0.00017546916106401638,
      "loss": 1.0305,
      "step": 2100
    },
    {
      "epoch": 0.12,
      "learning_rate": 0.0001751768488745981,
      "loss": 1.4848,
      "step": 2125
    },
    {
      "epoch": 0.13,
      "learning_rate": 0.0001748845366851798,
      "loss": 1.0266,
      "step": 2150
    },
    {
      "epoch": 0.13,
      "learning_rate": 0.0001745922244957615,
      "loss": 1.4644,
      "step": 2175
    },
    {
      "epoch": 0.13,
      "learning_rate": 0.0001742999123063432,
      "loss": 1.0111,
      "step": 2200
    },
    {
      "epoch": 0.13,
      "learning_rate": 0.00017400760011692488,
      "loss": 1.4706,
      "step": 2225
    },
    {
      "epoch": 0.13,
      "learning_rate": 0.00017371528792750658,
      "loss": 0.978,
      "step": 2250
    },
    {
      "epoch": 0.13,
      "learning_rate": 0.0001734229757380883,
      "loss": 1.5169,
      "step": 2275
    },
    {
      "epoch": 0.13,
      "learning_rate": 0.00017313066354866997,
      "loss": 1.0644,
      "step": 2300
    },
    {
      "epoch": 0.14,
      "learning_rate": 0.00017283835135925167,
      "loss": 1.4807,
      "step": 2325
    },
    {
      "epoch": 0.14,
      "learning_rate": 0.00017254603916983338,
      "loss": 1.006,
      "step": 2350
    },
    {
      "epoch": 0.14,
      "learning_rate": 0.00017225372698041508,
      "loss": 1.4897,
      "step": 2375
    },
    {
      "epoch": 0.14,
      "learning_rate": 0.00017196141479099679,
      "loss": 1.0049,
      "step": 2400
    },
    {
      "epoch": 0.14,
      "learning_rate": 0.0001716691026015785,
      "loss": 1.4643,
      "step": 2425
    },
    {
      "epoch": 0.14,
      "learning_rate": 0.0001713767904121602,
      "loss": 0.9561,
      "step": 2450
    },
    {
      "epoch": 0.14,
      "learning_rate": 0.0001710844782227419,
      "loss": 1.5439,
      "step": 2475
    },
    {
      "epoch": 0.15,
      "learning_rate": 0.0001707921660333236,
      "loss": 1.0198,
      "step": 2500
    },
    {
      "epoch": 0.15,
      "learning_rate": 0.0001704998538439053,
      "loss": 1.5226,
      "step": 2525
    },
    {
      "epoch": 0.15,
      "learning_rate": 0.000170207541654487,
      "loss": 1.0365,
      "step": 2550
    },
    {
      "epoch": 0.15,
      "learning_rate": 0.0001699152294650687,
      "loss": 1.5404,
      "step": 2575
    },
    {
      "epoch": 0.15,
      "learning_rate": 0.0001696229172756504,
      "loss": 1.039,
      "step": 2600
    },
    {
      "epoch": 0.15,
      "learning_rate": 0.0001693306050862321,
      "loss": 1.4873,
      "step": 2625
    },
    {
      "epoch": 0.15,
      "learning_rate": 0.0001690382928968138,
      "loss": 1.0356,
      "step": 2650
    },
    {
      "epoch": 0.16,
      "learning_rate": 0.0001687459807073955,
      "loss": 1.5056,
      "step": 2675
    },
    {
      "epoch": 0.16,
      "learning_rate": 0.00016845366851797722,
      "loss": 1.0305,
      "step": 2700
    },
    {
      "epoch": 0.16,
      "learning_rate": 0.00016816135632855892,
      "loss": 1.5145,
      "step": 2725
    },
    {
      "epoch": 0.16,
      "learning_rate": 0.00016786904413914063,
      "loss": 1.0295,
      "step": 2750
    },
    {
      "epoch": 0.16,
      "learning_rate": 0.00016757673194972233,
      "loss": 1.4657,
      "step": 2775
    },
    {
      "epoch": 0.16,
      "learning_rate": 0.000167284419760304,
      "loss": 1.0376,
      "step": 2800
    },
    {
      "epoch": 0.17,
      "learning_rate": 0.00016699210757088571,
      "loss": 1.4613,
      "step": 2825
    },
    {
      "epoch": 0.17,
      "learning_rate": 0.0001666997953814674,
      "loss": 1.0451,
      "step": 2850
    },
    {
      "epoch": 0.17,
      "learning_rate": 0.0001664074831920491,
      "loss": 1.4922,
      "step": 2875
    },
    {
      "epoch": 0.17,
      "learning_rate": 0.0001661151710026308,
      "loss": 1.024,
      "step": 2900
    },
    {
      "epoch": 0.17,
      "learning_rate": 0.0001658228588132125,
      "loss": 1.471,
      "step": 2925
    },
    {
      "epoch": 0.17,
      "learning_rate": 0.0001655305466237942,
      "loss": 1.0461,
      "step": 2950
    },
    {
      "epoch": 0.17,
      "learning_rate": 0.00016523823443437592,
      "loss": 1.4931,
      "step": 2975
    },
    {
      "epoch": 0.18,
      "learning_rate": 0.00016494592224495762,
      "loss": 0.9754,
      "step": 3000
    },
    {
      "epoch": 0.18,
      "learning_rate": 0.00016465361005553933,
      "loss": 1.4941,
      "step": 3025
    },
    {
      "epoch": 0.18,
      "learning_rate": 0.00016436129786612103,
      "loss": 1.0218,
      "step": 3050
    },
    {
      "epoch": 0.18,
      "learning_rate": 0.00016406898567670274,
      "loss": 1.442,
      "step": 3075
    },
    {
      "epoch": 0.18,
      "learning_rate": 0.00016377667348728441,
      "loss": 1.0618,
      "step": 3100
    },
    {
      "epoch": 0.18,
      "learning_rate": 0.00016348436129786612,
      "loss": 1.4933,
      "step": 3125
    },
    {
      "epoch": 0.18,
      "learning_rate": 0.00016319204910844782,
      "loss": 1.0283,
      "step": 3150
    },
    {
      "epoch": 0.19,
      "learning_rate": 0.00016289973691902953,
      "loss": 1.5118,
      "step": 3175
    },
    {
      "epoch": 0.19,
      "learning_rate": 0.00016260742472961123,
      "loss": 1.0383,
      "step": 3200
    },
    {
      "epoch": 0.19,
      "learning_rate": 0.00016231511254019294,
      "loss": 1.4806,
      "step": 3225
    },
    {
      "epoch": 0.19,
      "learning_rate": 0.00016202280035077464,
      "loss": 1.0105,
      "step": 3250
    },
    {
      "epoch": 0.19,
      "learning_rate": 0.00016173048816135635,
      "loss": 1.4779,
      "step": 3275
    },
    {
      "epoch": 0.19,
      "learning_rate": 0.00016143817597193805,
      "loss": 1.0161,
      "step": 3300
    },
    {
      "epoch": 0.19,
      "learning_rate": 0.00016114586378251976,
      "loss": 1.4072,
      "step": 3325
    },
    {
      "epoch": 0.2,
      "learning_rate": 0.00016085355159310143,
      "loss": 0.9846,
      "step": 3350
    },
    {
      "epoch": 0.2,
      "learning_rate": 0.00016056123940368314,
      "loss": 1.4295,
      "step": 3375
    },
    {
      "epoch": 0.2,
      "learning_rate": 0.00016026892721426484,
      "loss": 1.0095,
      "step": 3400
    },
    {
      "epoch": 0.2,
      "learning_rate": 0.00015997661502484655,
      "loss": 1.514,
      "step": 3425
    },
    {
      "epoch": 0.2,
      "learning_rate": 0.00015968430283542823,
      "loss": 1.0125,
      "step": 3450
    },
    {
      "epoch": 0.2,
      "learning_rate": 0.00015939199064600993,
      "loss": 1.4716,
      "step": 3475
    },
    {
      "epoch": 0.2,
      "learning_rate": 0.00015909967845659164,
      "loss": 1.0087,
      "step": 3500
    },
    {
      "epoch": 0.21,
      "learning_rate": 0.00015880736626717334,
      "loss": 1.4819,
      "step": 3525
    },
    {
      "epoch": 0.21,
      "learning_rate": 0.00015851505407775505,
      "loss": 0.9871,
      "step": 3550
    },
    {
      "epoch": 0.21,
      "learning_rate": 0.00015822274188833675,
      "loss": 1.5013,
      "step": 3575
    },
    {
      "epoch": 0.21,
      "learning_rate": 0.00015793042969891846,
      "loss": 1.0351,
      "step": 3600
    },
    {
      "epoch": 0.21,
      "learning_rate": 0.00015763811750950016,
      "loss": 1.5489,
      "step": 3625
    },
    {
      "epoch": 0.21,
      "learning_rate": 0.00015734580532008184,
      "loss": 1.069,
      "step": 3650
    },
    {
      "epoch": 0.21,
      "learning_rate": 0.00015705349313066354,
      "loss": 1.429,
      "step": 3675
    },
    {
      "epoch": 0.22,
      "learning_rate": 0.00015676118094124525,
      "loss": 0.9679,
      "step": 3700
    },
    {
      "epoch": 0.22,
      "learning_rate": 0.00015646886875182695,
      "loss": 1.4569,
      "step": 3725
    },
    {
      "epoch": 0.22,
      "learning_rate": 0.00015617655656240866,
      "loss": 1.0221,
      "step": 3750
    },
    {
      "epoch": 0.22,
      "learning_rate": 0.00015588424437299036,
      "loss": 1.4959,
      "step": 3775
    },
    {
      "epoch": 0.22,
      "learning_rate": 0.00015559193218357207,
      "loss": 1.0457,
      "step": 3800
    },
    {
      "epoch": 0.22,
      "learning_rate": 0.00015529961999415377,
      "loss": 1.4794,
      "step": 3825
    },
    {
      "epoch": 0.23,
      "learning_rate": 0.00015500730780473548,
      "loss": 1.026,
      "step": 3850
    },
    {
      "epoch": 0.23,
      "learning_rate": 0.00015471499561531718,
      "loss": 1.5082,
      "step": 3875
    },
    {
      "epoch": 0.23,
      "learning_rate": 0.00015442268342589886,
      "loss": 0.9855,
      "step": 3900
    },
    {
      "epoch": 0.23,
      "learning_rate": 0.00015413037123648057,
      "loss": 1.5062,
      "step": 3925
    },
    {
      "epoch": 0.23,
      "learning_rate": 0.00015383805904706227,
      "loss": 1.0223,
      "step": 3950
    },
    {
      "epoch": 0.23,
      "learning_rate": 0.00015354574685764397,
      "loss": 1.4948,
      "step": 3975
    },
    {
      "epoch": 0.23,
      "learning_rate": 0.00015325343466822568,
      "loss": 0.999,
      "step": 4000
    },
    {
      "epoch": 0.24,
      "learning_rate": 0.00015296112247880738,
      "loss": 1.4567,
      "step": 4025
    },
    {
      "epoch": 0.24,
      "learning_rate": 0.0001526688102893891,
      "loss": 1.0382,
      "step": 4050
    },
    {
      "epoch": 0.24,
      "learning_rate": 0.00015237649809997077,
      "loss": 1.4958,
      "step": 4075
    },
    {
      "epoch": 0.24,
      "learning_rate": 0.00015208418591055247,
      "loss": 0.9879,
      "step": 4100
    },
    {
      "epoch": 0.24,
      "learning_rate": 0.00015179187372113418,
      "loss": 1.4915,
      "step": 4125
    },
    {
      "epoch": 0.24,
      "learning_rate": 0.00015149956153171588,
      "loss": 1.0475,
      "step": 4150
    },
    {
      "epoch": 0.24,
      "learning_rate": 0.0001512072493422976,
      "loss": 1.4838,
      "step": 4175
    },
    {
      "epoch": 0.25,
      "learning_rate": 0.00015091493715287926,
      "loss": 1.002,
      "step": 4200
    },
    {
      "epoch": 0.25,
      "learning_rate": 0.00015062262496346097,
      "loss": 1.4838,
      "step": 4225
    },
    {
      "epoch": 0.25,
      "learning_rate": 0.00015033031277404267,
      "loss": 0.9902,
      "step": 4250
    },
    {
      "epoch": 0.25,
      "learning_rate": 0.00015003800058462438,
      "loss": 1.4403,
      "step": 4275
    },
    {
      "epoch": 0.25,
      "learning_rate": 0.00014974568839520608,
      "loss": 1.0399,
      "step": 4300
    },
    {
      "epoch": 0.25,
      "learning_rate": 0.0001494533762057878,
      "loss": 1.4228,
      "step": 4325
    },
    {
      "epoch": 0.25,
      "learning_rate": 0.0001491610640163695,
      "loss": 0.9756,
      "step": 4350
    },
    {
      "epoch": 0.26,
      "learning_rate": 0.0001488687518269512,
      "loss": 1.4767,
      "step": 4375
    },
    {
      "epoch": 0.26,
      "learning_rate": 0.0001485764396375329,
      "loss": 0.9676,
      "step": 4400
    },
    {
      "epoch": 0.26,
      "learning_rate": 0.0001482841274481146,
      "loss": 1.4847,
      "step": 4425
    },
    {
      "epoch": 0.26,
      "learning_rate": 0.00014799181525869629,
      "loss": 1.0211,
      "step": 4450
    },
    {
      "epoch": 0.26,
      "learning_rate": 0.000147699503069278,
      "loss": 1.4651,
      "step": 4475
    },
    {
      "epoch": 0.26,
      "learning_rate": 0.0001474071908798597,
      "loss": 1.0103,
      "step": 4500
    },
    {
      "epoch": 0.26,
      "learning_rate": 0.0001471148786904414,
      "loss": 1.4596,
      "step": 4525
    },
    {
      "epoch": 0.27,
      "learning_rate": 0.0001468225665010231,
      "loss": 1.0447,
      "step": 4550
    },
    {
      "epoch": 0.27,
      "learning_rate": 0.0001465302543116048,
      "loss": 1.4612,
      "step": 4575
    },
    {
      "epoch": 0.27,
      "learning_rate": 0.00014623794212218651,
      "loss": 1.0113,
      "step": 4600
    },
    {
      "epoch": 0.27,
      "learning_rate": 0.00014594562993276822,
      "loss": 1.4705,
      "step": 4625
    },
    {
      "epoch": 0.27,
      "learning_rate": 0.00014565331774334992,
      "loss": 1.0227,
      "step": 4650
    },
    {
      "epoch": 0.27,
      "learning_rate": 0.0001453610055539316,
      "loss": 1.4284,
      "step": 4675
    },
    {
      "epoch": 0.27,
      "learning_rate": 0.0001450686933645133,
      "loss": 1.0424,
      "step": 4700
    },
    {
      "epoch": 0.28,
      "learning_rate": 0.000144776381175095,
      "loss": 1.5216,
      "step": 4725
    },
    {
      "epoch": 0.28,
      "learning_rate": 0.0001444840689856767,
      "loss": 1.0174,
      "step": 4750
    },
    {
      "epoch": 0.28,
      "learning_rate": 0.0001441917567962584,
      "loss": 1.4901,
      "step": 4775
    },
    {
      "epoch": 0.28,
      "learning_rate": 0.0001438994446068401,
      "loss": 0.9985,
      "step": 4800
    },
    {
      "epoch": 0.28,
      "learning_rate": 0.0001436071324174218,
      "loss": 1.4985,
      "step": 4825
    },
    {
      "epoch": 0.28,
      "learning_rate": 0.0001433148202280035,
      "loss": 1.0232,
      "step": 4850
    },
    {
      "epoch": 0.28,
      "learning_rate": 0.00014302250803858521,
      "loss": 1.4976,
      "step": 4875
    },
    {
      "epoch": 0.29,
      "learning_rate": 0.00014273019584916692,
      "loss": 1.0462,
      "step": 4900
    },
    {
      "epoch": 0.29,
      "learning_rate": 0.00014243788365974862,
      "loss": 1.4786,
      "step": 4925
    },
    {
      "epoch": 0.29,
      "learning_rate": 0.00014214557147033033,
      "loss": 0.9851,
      "step": 4950
    },
    {
      "epoch": 0.29,
      "learning_rate": 0.00014185325928091203,
      "loss": 1.5076,
      "step": 4975
    },
    {
      "epoch": 0.29,
      "learning_rate": 0.0001415609470914937,
      "loss": 1.0463,
      "step": 5000
    },
    {
      "epoch": 0.29,
      "learning_rate": 0.00014126863490207542,
      "loss": 1.4724,
      "step": 5025
    },
    {
      "epoch": 0.3,
      "learning_rate": 0.00014097632271265712,
      "loss": 1.0072,
      "step": 5050
    },
    {
      "epoch": 0.3,
      "learning_rate": 0.00014068401052323883,
      "loss": 1.5156,
      "step": 5075
    },
    {
      "epoch": 0.3,
      "learning_rate": 0.00014039169833382053,
      "loss": 0.981,
      "step": 5100
    },
    {
      "epoch": 0.3,
      "learning_rate": 0.00014009938614440224,
      "loss": 1.4906,
      "step": 5125
    },
    {
      "epoch": 0.3,
      "learning_rate": 0.00013980707395498394,
      "loss": 0.9695,
      "step": 5150
    },
    {
      "epoch": 0.3,
      "learning_rate": 0.00013951476176556564,
      "loss": 1.4847,
      "step": 5175
    },
    {
      "epoch": 0.3,
      "learning_rate": 0.00013922244957614735,
      "loss": 1.049,
      "step": 5200
    },
    {
      "epoch": 0.31,
      "learning_rate": 0.00013893013738672905,
      "loss": 1.4841,
      "step": 5225
    },
    {
      "epoch": 0.31,
      "learning_rate": 0.00013863782519731073,
      "loss": 1.0346,
      "step": 5250
    },
    {
      "epoch": 0.31,
      "learning_rate": 0.00013834551300789244,
      "loss": 1.5109,
      "step": 5275
    },
    {
      "epoch": 0.31,
      "learning_rate": 0.00013805320081847411,
      "loss": 1.0279,
      "step": 5300
    },
    {
      "epoch": 0.31,
      "learning_rate": 0.00013776088862905582,
      "loss": 1.5027,
      "step": 5325
    },
    {
      "epoch": 0.31,
      "learning_rate": 0.00013746857643963752,
      "loss": 0.9952,
      "step": 5350
    },
    {
      "epoch": 0.31,
      "learning_rate": 0.00013717626425021923,
      "loss": 1.4677,
      "step": 5375
    },
    {
      "epoch": 0.32,
      "learning_rate": 0.00013688395206080093,
      "loss": 1.0468,
      "step": 5400
    },
    {
      "epoch": 0.32,
      "learning_rate": 0.00013659163987138264,
      "loss": 1.4646,
      "step": 5425
    },
    {
      "epoch": 0.32,
      "learning_rate": 0.00013629932768196434,
      "loss": 1.0356,
      "step": 5450
    },
    {
      "epoch": 0.32,
      "learning_rate": 0.00013600701549254605,
      "loss": 1.4936,
      "step": 5475
    },
    {
      "epoch": 0.32,
      "learning_rate": 0.00013571470330312775,
      "loss": 1.0052,
      "step": 5500
    },
    {
      "epoch": 0.32,
      "learning_rate": 0.00013542239111370946,
      "loss": 1.4713,
      "step": 5525
    },
    {
      "epoch": 0.32,
      "learning_rate": 0.00013513007892429114,
      "loss": 1.035,
      "step": 5550
    },
    {
      "epoch": 0.33,
      "learning_rate": 0.00013483776673487284,
      "loss": 1.475,
      "step": 5575
    },
    {
      "epoch": 0.33,
      "learning_rate": 0.00013454545454545455,
      "loss": 0.9958,
      "step": 5600
    },
    {
      "epoch": 0.33,
      "learning_rate": 0.00013425314235603625,
      "loss": 1.4358,
      "step": 5625
    },
    {
      "epoch": 0.33,
      "learning_rate": 0.00013396083016661796,
      "loss": 0.9882,
      "step": 5650
    },
    {
      "epoch": 0.33,
      "learning_rate": 0.00013366851797719966,
      "loss": 1.4918,
      "step": 5675
    },
    {
      "epoch": 0.33,
      "learning_rate": 0.00013337620578778137,
      "loss": 0.9845,
      "step": 5700
    },
    {
      "epoch": 0.33,
      "learning_rate": 0.00013308389359836307,
      "loss": 1.4995,
      "step": 5725
    },
    {
      "epoch": 0.34,
      "learning_rate": 0.00013279158140894478,
      "loss": 1.0352,
      "step": 5750
    },
    {
      "epoch": 0.34,
      "learning_rate": 0.00013249926921952648,
      "loss": 1.4907,
      "step": 5775
    },
    {
      "epoch": 0.34,
      "learning_rate": 0.00013220695703010816,
      "loss": 1.0213,
      "step": 5800
    },
    {
      "epoch": 0.34,
      "learning_rate": 0.00013191464484068986,
      "loss": 1.4963,
      "step": 5825
    },
    {
      "epoch": 0.34,
      "learning_rate": 0.00013162233265127157,
      "loss": 1.0074,
      "step": 5850
    },
    {
      "epoch": 0.34,
      "learning_rate": 0.00013133002046185327,
      "loss": 1.5676,
      "step": 5875
    },
    {
      "epoch": 0.34,
      "learning_rate": 0.00013103770827243495,
      "loss": 1.0401,
      "step": 5900
    },
    {
      "epoch": 0.35,
      "learning_rate": 0.00013074539608301665,
      "loss": 1.4605,
      "step": 5925
    },
    {
      "epoch": 0.35,
      "learning_rate": 0.00013045308389359836,
      "loss": 1.0254,
      "step": 5950
    },
    {
      "epoch": 0.35,
      "learning_rate": 0.00013016077170418006,
      "loss": 1.5183,
      "step": 5975
    },
    {
      "epoch": 0.35,
      "learning_rate": 0.00012986845951476177,
      "loss": 1.0541,
      "step": 6000
    },
    {
      "epoch": 0.35,
      "learning_rate": 0.00012957614732534347,
      "loss": 1.4181,
      "step": 6025
    },
    {
      "epoch": 0.35,
      "learning_rate": 0.00012928383513592518,
      "loss": 0.977,
      "step": 6050
    },
    {
      "epoch": 0.36,
      "learning_rate": 0.00012899152294650688,
      "loss": 1.4847,
      "step": 6075
    },
    {
      "epoch": 0.36,
      "learning_rate": 0.00012869921075708856,
      "loss": 0.9682,
      "step": 6100
    },
    {
      "epoch": 0.36,
      "learning_rate": 0.00012840689856767027,
      "loss": 1.4698,
      "step": 6125
    },
    {
      "epoch": 0.36,
      "learning_rate": 0.00012811458637825197,
      "loss": 1.0027,
      "step": 6150
    },
    {
      "epoch": 0.36,
      "learning_rate": 0.00012782227418883368,
      "loss": 1.4518,
      "step": 6175
    },
    {
      "epoch": 0.36,
      "learning_rate": 0.00012752996199941538,
      "loss": 1.014,
      "step": 6200
    },
    {
      "epoch": 0.36,
      "learning_rate": 0.00012723764980999709,
      "loss": 1.4639,
      "step": 6225
    },
    {
      "epoch": 0.37,
      "learning_rate": 0.0001269453376205788,
      "loss": 1.0437,
      "step": 6250
    },
    {
      "epoch": 0.37,
      "learning_rate": 0.0001266530254311605,
      "loss": 1.4769,
      "step": 6275
    },
    {
      "epoch": 0.37,
      "learning_rate": 0.0001263607132417422,
      "loss": 1.0321,
      "step": 6300
    },
    {
      "epoch": 0.37,
      "learning_rate": 0.0001260684010523239,
      "loss": 1.4727,
      "step": 6325
    },
    {
      "epoch": 0.37,
      "learning_rate": 0.00012577608886290558,
      "loss": 1.0308,
      "step": 6350
    },
    {
      "epoch": 0.37,
      "learning_rate": 0.0001254837766734873,
      "loss": 1.434,
      "step": 6375
    },
    {
      "epoch": 0.37,
      "learning_rate": 0.000125191464484069,
      "loss": 1.0237,
      "step": 6400
    },
    {
      "epoch": 0.38,
      "learning_rate": 0.0001248991522946507,
      "loss": 1.513,
      "step": 6425
    },
    {
      "epoch": 0.38,
      "learning_rate": 0.0001246068401052324,
      "loss": 1.0194,
      "step": 6450
    },
    {
      "epoch": 0.38,
      "learning_rate": 0.0001243145279158141,
      "loss": 1.4207,
      "step": 6475
    },
    {
      "epoch": 0.38,
      "learning_rate": 0.0001240222157263958,
      "loss": 0.979,
      "step": 6500
    },
    {
      "epoch": 0.38,
      "learning_rate": 0.0001237299035369775,
      "loss": 1.4724,
      "step": 6525
    },
    {
      "epoch": 0.38,
      "learning_rate": 0.0001234375913475592,
      "loss": 1.0011,
      "step": 6550
    },
    {
      "epoch": 0.38,
      "learning_rate": 0.0001231452791581409,
      "loss": 1.5153,
      "step": 6575
    },
    {
      "epoch": 0.39,
      "learning_rate": 0.0001228529669687226,
      "loss": 1.0438,
      "step": 6600
    },
    {
      "epoch": 0.39,
      "learning_rate": 0.0001225606547793043,
      "loss": 1.5004,
      "step": 6625
    },
    {
      "epoch": 0.39,
      "learning_rate": 0.000122268342589886,
      "loss": 1.0078,
      "step": 6650
    },
    {
      "epoch": 0.39,
      "learning_rate": 0.0001219760304004677,
      "loss": 1.5212,
      "step": 6675
    },
    {
      "epoch": 0.39,
      "learning_rate": 0.0001216837182110494,
      "loss": 1.0079,
      "step": 6700
    },
    {
      "epoch": 0.39,
      "learning_rate": 0.0001213914060216311,
      "loss": 1.4659,
      "step": 6725
    },
    {
      "epoch": 0.39,
      "learning_rate": 0.0001210990938322128,
      "loss": 1.0211,
      "step": 6750
    },
    {
      "epoch": 0.4,
      "learning_rate": 0.00012080678164279451,
      "loss": 1.5036,
      "step": 6775
    },
    {
      "epoch": 0.4,
      "learning_rate": 0.00012051446945337622,
      "loss": 1.0454,
      "step": 6800
    },
    {
      "epoch": 0.4,
      "learning_rate": 0.00012022215726395791,
      "loss": 1.5229,
      "step": 6825
    },
    {
      "epoch": 0.4,
      "learning_rate": 0.00011992984507453961,
      "loss": 0.991,
      "step": 6850
    },
    {
      "epoch": 0.4,
      "learning_rate": 0.00011963753288512132,
      "loss": 1.5107,
      "step": 6875
    },
    {
      "epoch": 0.4,
      "learning_rate": 0.00011934522069570302,
      "loss": 1.0099,
      "step": 6900
    },
    {
      "epoch": 0.4,
      "learning_rate": 0.00011905290850628473,
      "loss": 1.4837,
      "step": 6925
    },
    {
      "epoch": 0.41,
      "learning_rate": 0.00011876059631686642,
      "loss": 1.0003,
      "step": 6950
    },
    {
      "epoch": 0.41,
      "learning_rate": 0.00011846828412744812,
      "loss": 1.4414,
      "step": 6975
    },
    {
      "epoch": 0.41,
      "learning_rate": 0.00011817597193802983,
      "loss": 0.9867,
      "step": 7000
    },
    {
      "epoch": 0.41,
      "learning_rate": 0.00011788365974861153,
      "loss": 1.4855,
      "step": 7025
    },
    {
      "epoch": 0.41,
      "learning_rate": 0.00011759134755919324,
      "loss": 0.9995,
      "step": 7050
    },
    {
      "epoch": 0.41,
      "learning_rate": 0.00011729903536977493,
      "loss": 1.4611,
      "step": 7075
    },
    {
      "epoch": 0.42,
      "learning_rate": 0.00011700672318035663,
      "loss": 1.0256,
      "step": 7100
    },
    {
      "epoch": 0.42,
      "learning_rate": 0.00011671441099093834,
      "loss": 1.5071,
      "step": 7125
    },
    {
      "epoch": 0.42,
      "learning_rate": 0.00011642209880152002,
      "loss": 1.0063,
      "step": 7150
    },
    {
      "epoch": 0.42,
      "learning_rate": 0.00011612978661210172,
      "loss": 1.4753,
      "step": 7175
    },
    {
      "epoch": 0.42,
      "learning_rate": 0.00011583747442268343,
      "loss": 0.9717,
      "step": 7200
    },
    {
      "epoch": 0.42,
      "learning_rate": 0.00011554516223326513,
      "loss": 1.5039,
      "step": 7225
    },
    {
      "epoch": 0.42,
      "learning_rate": 0.00011525285004384682,
      "loss": 1.0258,
      "step": 7250
    },
    {
      "epoch": 0.43,
      "learning_rate": 0.00011496053785442853,
      "loss": 1.5154,
      "step": 7275
    },
    {
      "epoch": 0.43,
      "learning_rate": 0.00011466822566501023,
      "loss": 1.0574,
      "step": 7300
    },
    {
      "epoch": 0.43,
      "learning_rate": 0.00011437591347559194,
      "loss": 1.5296,
      "step": 7325
    },
    {
      "epoch": 0.43,
      "learning_rate": 0.00011408360128617364,
      "loss": 0.9789,
      "step": 7350
    },
    {
      "epoch": 0.43,
      "learning_rate": 0.00011379128909675533,
      "loss": 1.4387,
      "step": 7375
    },
    {
      "epoch": 0.43,
      "learning_rate": 0.00011349897690733704,
      "loss": 1.0155,
      "step": 7400
    },
    {
      "epoch": 0.43,
      "learning_rate": 0.00011320666471791874,
      "loss": 1.4435,
      "step": 7425
    },
    {
      "epoch": 0.44,
      "learning_rate": 0.00011291435252850045,
      "loss": 0.9837,
      "step": 7450
    },
    {
      "epoch": 0.44,
      "learning_rate": 0.00011262204033908215,
      "loss": 1.5,
      "step": 7475
    },
    {
      "epoch": 0.44,
      "learning_rate": 0.00011232972814966384,
      "loss": 0.9964,
      "step": 7500
    },
    {
      "epoch": 0.44,
      "learning_rate": 0.00011203741596024555,
      "loss": 1.4963,
      "step": 7525
    },
    {
      "epoch": 0.44,
      "learning_rate": 0.00011174510377082725,
      "loss": 1.0641,
      "step": 7550
    },
    {
      "epoch": 0.44,
      "learning_rate": 0.00011145279158140896,
      "loss": 1.4594,
      "step": 7575
    },
    {
      "epoch": 0.44,
      "learning_rate": 0.00011116047939199066,
      "loss": 1.0177,
      "step": 7600
    },
    {
      "epoch": 0.45,
      "learning_rate": 0.00011086816720257235,
      "loss": 1.4772,
      "step": 7625
    },
    {
      "epoch": 0.45,
      "learning_rate": 0.00011057585501315406,
      "loss": 1.025,
      "step": 7650
    },
    {
      "epoch": 0.45,
      "learning_rate": 0.00011028354282373576,
      "loss": 1.4899,
      "step": 7675
    },
    {
      "epoch": 0.45,
      "learning_rate": 0.00010999123063431747,
      "loss": 1.0439,
      "step": 7700
    },
    {
      "epoch": 0.45,
      "learning_rate": 0.00010969891844489917,
      "loss": 1.4776,
      "step": 7725
    },
    {
      "epoch": 0.45,
      "learning_rate": 0.00010940660625548085,
      "loss": 0.9959,
      "step": 7750
    },
    {
      "epoch": 0.45,
      "learning_rate": 0.00010911429406606256,
      "loss": 1.4948,
      "step": 7775
    },
    {
      "epoch": 0.46,
      "learning_rate": 0.00010882198187664425,
      "loss": 1.0052,
      "step": 7800
    },
    {
      "epoch": 0.46,
      "learning_rate": 0.00010852966968722595,
      "loss": 1.5144,
      "step": 7825
    },
    {
      "epoch": 0.46,
      "learning_rate": 0.00010823735749780766,
      "loss": 0.9906,
      "step": 7850
    },
    {
      "epoch": 0.46,
      "learning_rate": 0.00010794504530838936,
      "loss": 1.4672,
      "step": 7875
    },
    {
      "epoch": 0.46,
      "learning_rate": 0.00010765273311897107,
      "loss": 0.9896,
      "step": 7900
    },
    {
      "epoch": 0.46,
      "learning_rate": 0.00010736042092955276,
      "loss": 1.4272,
      "step": 7925
    },
    {
      "epoch": 0.46,
      "learning_rate": 0.00010706810874013446,
      "loss": 1.0004,
      "step": 7950
    },
    {
      "epoch": 0.47,
      "learning_rate": 0.00010677579655071617,
      "loss": 1.4766,
      "step": 7975
    },
    {
      "epoch": 0.47,
      "learning_rate": 0.00010648348436129787,
      "loss": 1.0233,
      "step": 8000
    },
    {
      "epoch": 0.47,
      "learning_rate": 0.00010619117217187958,
      "loss": 1.4929,
      "step": 8025
    },
    {
      "epoch": 0.47,
      "learning_rate": 0.00010589885998246127,
      "loss": 0.9798,
      "step": 8050
    },
    {
      "epoch": 0.47,
      "learning_rate": 0.00010560654779304297,
      "loss": 1.5047,
      "step": 8075
    },
    {
      "epoch": 0.47,
      "learning_rate": 0.00010531423560362468,
      "loss": 0.9929,
      "step": 8100
    },
    {
      "epoch": 0.47,
      "learning_rate": 0.00010502192341420638,
      "loss": 1.4337,
      "step": 8125
    },
    {
      "epoch": 0.48,
      "learning_rate": 0.00010472961122478809,
      "loss": 1.0166,
      "step": 8150
    },
    {
      "epoch": 0.48,
      "learning_rate": 0.00010443729903536978,
      "loss": 1.4579,
      "step": 8175
    },
    {
      "epoch": 0.48,
      "learning_rate": 0.00010414498684595148,
      "loss": 1.0551,
      "step": 8200
    },
    {
      "epoch": 0.48,
      "learning_rate": 0.00010385267465653319,
      "loss": 1.4543,
      "step": 8225
    },
    {
      "epoch": 0.48,
      "learning_rate": 0.0001035603624671149,
      "loss": 0.9793,
      "step": 8250
    },
    {
      "epoch": 0.48,
      "learning_rate": 0.0001032680502776966,
      "loss": 1.5188,
      "step": 8275
    },
    {
      "epoch": 0.49,
      "learning_rate": 0.00010297573808827829,
      "loss": 0.9754,
      "step": 8300
    },
    {
      "epoch": 0.49,
      "learning_rate": 0.00010268342589886,
      "loss": 1.4888,
      "step": 8325
    },
    {
      "epoch": 0.49,
      "learning_rate": 0.0001023911137094417,
      "loss": 1.0188,
      "step": 8350
    },
    {
      "epoch": 0.49,
      "learning_rate": 0.00010209880152002338,
      "loss": 1.4836,
      "step": 8375
    },
    {
      "epoch": 0.49,
      "learning_rate": 0.00010180648933060508,
      "loss": 1.0079,
      "step": 8400
    },
    {
      "epoch": 0.49,
      "learning_rate": 0.00010151417714118679,
      "loss": 1.4727,
      "step": 8425
    },
    {
      "epoch": 0.49,
      "learning_rate": 0.00010122186495176849,
      "loss": 0.9827,
      "step": 8450
    },
    {
      "epoch": 0.5,
      "learning_rate": 0.00010092955276235018,
      "loss": 1.5272,
      "step": 8475
    },
    {
      "epoch": 0.5,
      "learning_rate": 0.00010063724057293189,
      "loss": 1.0328,
      "step": 8500
    },
    {
      "epoch": 0.5,
      "learning_rate": 0.00010034492838351359,
      "loss": 1.4312,
      "step": 8525
    },
    {
      "epoch": 0.5,
      "learning_rate": 0.0001000526161940953,
      "loss": 1.0083,
      "step": 8550
    },
    {
      "epoch": 0.5,
      "learning_rate": 9.9760304004677e-05,
      "loss": 1.4713,
      "step": 8575
    },
    {
      "epoch": 0.5,
      "learning_rate": 9.94679918152587e-05,
      "loss": 0.9905,
      "step": 8600
    },
    {
      "epoch": 0.5,
      "learning_rate": 9.91756796258404e-05,
      "loss": 1.4637,
      "step": 8625
    },
    {
      "epoch": 0.51,
      "learning_rate": 9.88833674364221e-05,
      "loss": 0.9745,
      "step": 8650
    },
    {
      "epoch": 0.51,
      "learning_rate": 9.859105524700381e-05,
      "loss": 1.5123,
      "step": 8675
    },
    {
      "epoch": 0.51,
      "learning_rate": 9.829874305758551e-05,
      "loss": 1.0478,
      "step": 8700
    },
    {
      "epoch": 0.51,
      "learning_rate": 9.80064308681672e-05,
      "loss": 1.4361,
      "step": 8725
    },
    {
      "epoch": 0.51,
      "learning_rate": 9.771411867874891e-05,
      "loss": 0.9924,
      "step": 8750
    },
    {
      "epoch": 0.51,
      "learning_rate": 9.742180648933061e-05,
      "loss": 1.504,
      "step": 8775
    },
    {
      "epoch": 0.51,
      "learning_rate": 9.712949429991232e-05,
      "loss": 1.0018,
      "step": 8800
    },
    {
      "epoch": 0.52,
      "learning_rate": 9.683718211049401e-05,
      "loss": 1.4809,
      "step": 8825
    },
    {
      "epoch": 0.52,
      "learning_rate": 9.654486992107572e-05,
      "loss": 0.9729,
      "step": 8850
    },
    {
      "epoch": 0.52,
      "learning_rate": 9.62525577316574e-05,
      "loss": 1.4893,
      "step": 8875
    },
    {
      "epoch": 0.52,
      "learning_rate": 9.596024554223911e-05,
      "loss": 1.027,
      "step": 8900
    },
    {
      "epoch": 0.52,
      "learning_rate": 9.566793335282082e-05,
      "loss": 1.4561,
      "step": 8925
    },
    {
      "epoch": 0.52,
      "learning_rate": 9.537562116340252e-05,
      "loss": 0.9959,
      "step": 8950
    },
    {
      "epoch": 0.52,
      "learning_rate": 9.508330897398423e-05,
      "loss": 1.4387,
      "step": 8975
    },
    {
      "epoch": 0.53,
      "learning_rate": 9.479099678456592e-05,
      "loss": 1.001,
      "step": 9000
    },
    {
      "epoch": 0.53,
      "learning_rate": 9.449868459514762e-05,
      "loss": 1.4884,
      "step": 9025
    },
    {
      "epoch": 0.53,
      "learning_rate": 9.420637240572933e-05,
      "loss": 1.0178,
      "step": 9050
    },
    {
      "epoch": 0.53,
      "learning_rate": 9.391406021631103e-05,
      "loss": 1.5122,
      "step": 9075
    },
    {
      "epoch": 0.53,
      "learning_rate": 9.362174802689274e-05,
      "loss": 0.9888,
      "step": 9100
    },
    {
      "epoch": 0.53,
      "learning_rate": 9.332943583747443e-05,
      "loss": 1.4574,
      "step": 9125
    },
    {
      "epoch": 0.53,
      "learning_rate": 9.303712364805612e-05,
      "loss": 1.0176,
      "step": 9150
    },
    {
      "epoch": 0.54,
      "learning_rate": 9.274481145863782e-05,
      "loss": 1.4789,
      "step": 9175
    },
    {
      "epoch": 0.54,
      "learning_rate": 9.245249926921953e-05,
      "loss": 0.9985,
      "step": 9200
    },
    {
      "epoch": 0.54,
      "learning_rate": 9.216018707980123e-05,
      "loss": 1.5132,
      "step": 9225
    },
    {
      "epoch": 0.54,
      "learning_rate": 9.186787489038294e-05,
      "loss": 0.9889,
      "step": 9250
    },
    {
      "epoch": 0.54,
      "learning_rate": 9.157556270096463e-05,
      "loss": 1.4693,
      "step": 9275
    },
    {
      "epoch": 0.54,
      "learning_rate": 9.128325051154633e-05,
      "loss": 0.9762,
      "step": 9300
    },
    {
      "epoch": 0.55,
      "learning_rate": 9.099093832212804e-05,
      "loss": 1.4854,
      "step": 9325
    },
    {
      "epoch": 0.55,
      "learning_rate": 9.069862613270974e-05,
      "loss": 0.9768,
      "step": 9350
    },
    {
      "epoch": 0.55,
      "learning_rate": 9.040631394329145e-05,
      "loss": 1.4824,
      "step": 9375
    },
    {
      "epoch": 0.55,
      "learning_rate": 9.011400175387314e-05,
      "loss": 1.0217,
      "step": 9400
    },
    {
      "epoch": 0.55,
      "learning_rate": 8.982168956445485e-05,
      "loss": 1.492,
      "step": 9425
    },
    {
      "epoch": 0.55,
      "learning_rate": 8.952937737503654e-05,
      "loss": 1.0407,
      "step": 9450
    },
    {
      "epoch": 0.55,
      "learning_rate": 8.923706518561824e-05,
      "loss": 1.5056,
      "step": 9475
    },
    {
      "epoch": 0.56,
      "learning_rate": 8.894475299619995e-05,
      "loss": 1.0217,
      "step": 9500
    },
    {
      "epoch": 0.56,
      "learning_rate": 8.865244080678165e-05,
      "loss": 1.4151,
      "step": 9525
    },
    {
      "epoch": 0.56,
      "learning_rate": 8.836012861736334e-05,
      "loss": 0.9939,
      "step": 9550
    },
    {
      "epoch": 0.56,
      "learning_rate": 8.806781642794505e-05,
      "loss": 1.4229,
      "step": 9575
    },
    {
      "epoch": 0.56,
      "learning_rate": 8.777550423852675e-05,
      "loss": 0.9782,
      "step": 9600
    },
    {
      "epoch": 0.56,
      "learning_rate": 8.748319204910846e-05,
      "loss": 1.5182,
      "step": 9625
    },
    {
      "epoch": 0.56,
      "learning_rate": 8.719087985969016e-05,
      "loss": 1.0466,
      "step": 9650
    },
    {
      "epoch": 0.57,
      "learning_rate": 8.689856767027185e-05,
      "loss": 1.4387,
      "step": 9675
    },
    {
      "epoch": 0.57,
      "learning_rate": 8.660625548085356e-05,
      "loss": 1.0344,
      "step": 9700
    },
    {
      "epoch": 0.57,
      "learning_rate": 8.631394329143526e-05,
      "loss": 1.4826,
      "step": 9725
    },
    {
      "epoch": 0.57,
      "learning_rate": 8.602163110201695e-05,
      "loss": 1.0478,
      "step": 9750
    },
    {
      "epoch": 0.57,
      "learning_rate": 8.572931891259866e-05,
      "loss": 1.4307,
      "step": 9775
    },
    {
      "epoch": 0.57,
      "learning_rate": 8.543700672318035e-05,
      "loss": 0.9859,
      "step": 9800
    },
    {
      "epoch": 0.57,
      "learning_rate": 8.514469453376206e-05,
      "loss": 1.4645,
      "step": 9825
    },
    {
      "epoch": 0.58,
      "learning_rate": 8.485238234434376e-05,
      "loss": 1.0453,
      "step": 9850
    },
    {
      "epoch": 0.58,
      "learning_rate": 8.456007015492547e-05,
      "loss": 1.4788,
      "step": 9875
    },
    {
      "epoch": 0.58,
      "learning_rate": 8.426775796550717e-05,
      "loss": 0.9759,
      "step": 9900
    },
    {
      "epoch": 0.58,
      "learning_rate": 8.397544577608886e-05,
      "loss": 1.5146,
      "step": 9925
    },
    {
      "epoch": 0.58,
      "learning_rate": 8.368313358667057e-05,
      "loss": 1.0333,
      "step": 9950
    },
    {
      "epoch": 0.58,
      "learning_rate": 8.339082139725227e-05,
      "loss": 1.504,
      "step": 9975
    },
    {
      "epoch": 0.58,
      "learning_rate": 8.309850920783398e-05,
      "loss": 1.0341,
      "step": 10000
    },
    {
      "epoch": 0.59,
      "learning_rate": 8.280619701841568e-05,
      "loss": 1.4828,
      "step": 10025
    },
    {
      "epoch": 0.59,
      "learning_rate": 8.251388482899737e-05,
      "loss": 1.0022,
      "step": 10050
    },
    {
      "epoch": 0.59,
      "learning_rate": 8.222157263957906e-05,
      "loss": 1.4127,
      "step": 10075
    },
    {
      "epoch": 0.59,
      "learning_rate": 8.192926045016077e-05,
      "loss": 0.9838,
      "step": 10100
    },
    {
      "epoch": 0.59,
      "learning_rate": 8.163694826074247e-05,
      "loss": 1.5136,
      "step": 10125
    },
    {
      "epoch": 0.59,
      "learning_rate": 8.134463607132418e-05,
      "loss": 1.0338,
      "step": 10150
    },
    {
      "epoch": 0.59,
      "learning_rate": 8.105232388190588e-05,
      "loss": 1.503,
      "step": 10175
    },
    {
      "epoch": 0.6,
      "learning_rate": 8.076001169248757e-05,
      "loss": 0.9793,
      "step": 10200
    },
    {
      "epoch": 0.6,
      "learning_rate": 8.046769950306928e-05,
      "loss": 1.4498,
      "step": 10225
    },
    {
      "epoch": 0.6,
      "learning_rate": 8.017538731365098e-05,
      "loss": 1.032,
      "step": 10250
    },
    {
      "epoch": 0.6,
      "learning_rate": 7.988307512423269e-05,
      "loss": 1.46,
      "step": 10275
    },
    {
      "epoch": 0.6,
      "learning_rate": 7.95907629348144e-05,
      "loss": 1.0321,
      "step": 10300
    },
    {
      "epoch": 0.6,
      "learning_rate": 7.929845074539608e-05,
      "loss": 1.4982,
      "step": 10325
    },
    {
      "epoch": 0.61,
      "learning_rate": 7.900613855597779e-05,
      "loss": 1.0547,
      "step": 10350
    },
    {
      "epoch": 0.61,
      "learning_rate": 7.871382636655948e-05,
      "loss": 1.4516,
      "step": 10375
    },
    {
      "epoch": 0.61,
      "learning_rate": 7.842151417714119e-05,
      "loss": 0.9811,
      "step": 10400
    },
    {
      "epoch": 0.61,
      "learning_rate": 7.812920198772289e-05,
      "loss": 1.4979,
      "step": 10425
    },
    {
      "epoch": 0.61,
      "learning_rate": 7.78368897983046e-05,
      "loss": 0.9908,
      "step": 10450
    },
    {
      "epoch": 0.61,
      "learning_rate": 7.754457760888629e-05,
      "loss": 1.4971,
      "step": 10475
    },
    {
      "epoch": 0.61,
      "learning_rate": 7.725226541946799e-05,
      "loss": 1.0023,
      "step": 10500
    },
    {
      "epoch": 0.62,
      "learning_rate": 7.69599532300497e-05,
      "loss": 1.4415,
      "step": 10525
    },
    {
      "epoch": 0.62,
      "learning_rate": 7.66676410406314e-05,
      "loss": 1.0123,
      "step": 10550
    },
    {
      "epoch": 0.62,
      "learning_rate": 7.63753288512131e-05,
      "loss": 1.4365,
      "step": 10575
    },
    {
      "epoch": 0.62,
      "learning_rate": 7.60830166617948e-05,
      "loss": 0.9659,
      "step": 10600
    },
    {
      "epoch": 0.62,
      "learning_rate": 7.57907044723765e-05,
      "loss": 1.4452,
      "step": 10625
    },
    {
      "epoch": 0.62,
      "learning_rate": 7.549839228295821e-05,
      "loss": 1.0135,
      "step": 10650
    },
    {
      "epoch": 0.62,
      "learning_rate": 7.52060800935399e-05,
      "loss": 1.5226,
      "step": 10675
    },
    {
      "epoch": 0.63,
      "learning_rate": 7.49137679041216e-05,
      "loss": 0.9752,
      "step": 10700
    },
    {
      "epoch": 0.63,
      "learning_rate": 7.462145571470331e-05,
      "loss": 1.4954,
      "step": 10725
    },
    {
      "epoch": 0.63,
      "learning_rate": 7.4329143525285e-05,
      "loss": 0.9815,
      "step": 10750
    },
    {
      "epoch": 0.63,
      "learning_rate": 7.40368313358667e-05,
      "loss": 1.4452,
      "step": 10775
    },
    {
      "epoch": 0.63,
      "learning_rate": 7.374451914644841e-05,
      "loss": 1.0099,
      "step": 10800
    },
    {
      "epoch": 0.63,
      "learning_rate": 7.345220695703011e-05,
      "loss": 1.4821,
      "step": 10825
    },
    {
      "epoch": 0.63,
      "learning_rate": 7.315989476761182e-05,
      "loss": 1.0051,
      "step": 10850
    },
    {
      "epoch": 0.64,
      "learning_rate": 7.286758257819351e-05,
      "loss": 1.4114,
      "step": 10875
    },
    {
      "epoch": 0.64,
      "learning_rate": 7.257527038877521e-05,
      "loss": 0.9808,
      "step": 10900
    },
    {
      "epoch": 0.64,
      "learning_rate": 7.228295819935692e-05,
      "loss": 1.4862,
      "step": 10925
    },
    {
      "epoch": 0.64,
      "learning_rate": 7.199064600993862e-05,
      "loss": 1.0056,
      "step": 10950
    },
    {
      "epoch": 0.64,
      "learning_rate": 7.169833382052032e-05,
      "loss": 1.4599,
      "step": 10975
    },
    {
      "epoch": 0.64,
      "learning_rate": 7.140602163110202e-05,
      "loss": 0.984,
      "step": 11000
    },
    {
      "epoch": 0.64,
      "learning_rate": 7.111370944168371e-05,
      "loss": 1.5113,
      "step": 11025
    },
    {
      "epoch": 0.65,
      "learning_rate": 7.082139725226542e-05,
      "loss": 0.9898,
      "step": 11050
    },
    {
      "epoch": 0.65,
      "learning_rate": 7.052908506284712e-05,
      "loss": 1.4637,
      "step": 11075
    },
    {
      "epoch": 0.65,
      "learning_rate": 7.023677287342883e-05,
      "loss": 0.952,
      "step": 11100
    },
    {
      "epoch": 0.65,
      "learning_rate": 6.994446068401053e-05,
      "loss": 1.4307,
      "step": 11125
    },
    {
      "epoch": 0.65,
      "learning_rate": 6.965214849459222e-05,
      "loss": 0.9752,
      "step": 11150
    },
    {
      "epoch": 0.65,
      "learning_rate": 6.935983630517393e-05,
      "loss": 1.4999,
      "step": 11175
    },
    {
      "epoch": 0.65,
      "learning_rate": 6.906752411575563e-05,
      "loss": 1.0223,
      "step": 11200
    },
    {
      "epoch": 0.66,
      "learning_rate": 6.877521192633734e-05,
      "loss": 1.4777,
      "step": 11225
    },
    {
      "epoch": 0.66,
      "learning_rate": 6.848289973691904e-05,
      "loss": 1.0413,
      "step": 11250
    },
    {
      "epoch": 0.66,
      "learning_rate": 6.819058754750073e-05,
      "loss": 1.447,
      "step": 11275
    },
    {
      "epoch": 0.66,
      "learning_rate": 6.789827535808242e-05,
      "loss": 0.9741,
      "step": 11300
    },
    {
      "epoch": 0.66,
      "learning_rate": 6.760596316866413e-05,
      "loss": 1.4621,
      "step": 11325
    },
    {
      "epoch": 0.66,
      "learning_rate": 6.731365097924583e-05,
      "loss": 1.0227,
      "step": 11350
    },
    {
      "epoch": 0.66,
      "learning_rate": 6.702133878982754e-05,
      "loss": 1.4792,
      "step": 11375
    },
    {
      "epoch": 0.67,
      "learning_rate": 6.672902660040924e-05,
      "loss": 0.9881,
      "step": 11400
    },
    {
      "epoch": 0.67,
      "learning_rate": 6.643671441099094e-05,
      "loss": 1.5041,
      "step": 11425
    },
    {
      "epoch": 0.67,
      "learning_rate": 6.614440222157264e-05,
      "loss": 1.0334,
      "step": 11450
    },
    {
      "epoch": 0.67,
      "learning_rate": 6.585209003215435e-05,
      "loss": 1.4931,
      "step": 11475
    },
    {
      "epoch": 0.67,
      "learning_rate": 6.555977784273605e-05,
      "loss": 0.9995,
      "step": 11500
    },
    {
      "epoch": 0.67,
      "learning_rate": 6.526746565331775e-05,
      "loss": 1.4975,
      "step": 11525
    },
    {
      "epoch": 0.68,
      "learning_rate": 6.497515346389945e-05,
      "loss": 1.0178,
      "step": 11550
    },
    {
      "epoch": 0.68,
      "learning_rate": 6.468284127448115e-05,
      "loss": 1.4336,
      "step": 11575
    },
    {
      "epoch": 0.68,
      "learning_rate": 6.439052908506284e-05,
      "loss": 1.0114,
      "step": 11600
    },
    {
      "epoch": 0.68,
      "learning_rate": 6.409821689564455e-05,
      "loss": 1.4088,
      "step": 11625
    },
    {
      "epoch": 0.68,
      "learning_rate": 6.380590470622625e-05,
      "loss": 1.0128,
      "step": 11650
    },
    {
      "epoch": 0.68,
      "learning_rate": 6.351359251680796e-05,
      "loss": 1.4408,
      "step": 11675
    },
    {
      "epoch": 0.68,
      "learning_rate": 6.322128032738965e-05,
      "loss": 0.9816,
      "step": 11700
    },
    {
      "epoch": 0.69,
      "learning_rate": 6.292896813797135e-05,
      "loss": 1.484,
      "step": 11725
    },
    {
      "epoch": 0.69,
      "learning_rate": 6.263665594855306e-05,
      "loss": 1.0401,
      "step": 11750
    },
    {
      "epoch": 0.69,
      "learning_rate": 6.234434375913476e-05,
      "loss": 1.4696,
      "step": 11775
    },
    {
      "epoch": 0.69,
      "learning_rate": 6.205203156971647e-05,
      "loss": 0.9752,
      "step": 11800
    },
    {
      "epoch": 0.69,
      "learning_rate": 6.175971938029816e-05,
      "loss": 1.4876,
      "step": 11825
    },
    {
      "epoch": 0.69,
      "learning_rate": 6.146740719087986e-05,
      "loss": 0.9674,
      "step": 11850
    },
    {
      "epoch": 0.69,
      "learning_rate": 6.117509500146157e-05,
      "loss": 1.4701,
      "step": 11875
    },
    {
      "epoch": 0.7,
      "learning_rate": 6.088278281204326e-05,
      "loss": 1.0108,
      "step": 11900
    },
    {
      "epoch": 0.7,
      "learning_rate": 6.0590470622624965e-05,
      "loss": 1.5138,
      "step": 11925
    },
    {
      "epoch": 0.7,
      "learning_rate": 6.029815843320666e-05,
      "loss": 1.0108,
      "step": 11950
    },
    {
      "epoch": 0.7,
      "learning_rate": 6.000584624378837e-05,
      "loss": 1.4849,
      "step": 11975
    },
    {
      "epoch": 0.7,
      "learning_rate": 5.9713534054370065e-05,
      "loss": 0.9603,
      "step": 12000
    },
    {
      "epoch": 0.7,
      "learning_rate": 5.942122186495177e-05,
      "loss": 1.5357,
      "step": 12025
    },
    {
      "epoch": 0.7,
      "learning_rate": 5.9128909675533475e-05,
      "loss": 1.0147,
      "step": 12050
    },
    {
      "epoch": 0.71,
      "learning_rate": 5.883659748611517e-05,
      "loss": 1.4753,
      "step": 12075
    },
    {
      "epoch": 0.71,
      "learning_rate": 5.854428529669688e-05,
      "loss": 0.9922,
      "step": 12100
    },
    {
      "epoch": 0.71,
      "learning_rate": 5.8251973107278576e-05,
      "loss": 1.4805,
      "step": 12125
    },
    {
      "epoch": 0.71,
      "learning_rate": 5.795966091786028e-05,
      "loss": 1.0412,
      "step": 12150
    },
    {
      "epoch": 0.71,
      "learning_rate": 5.7667348728441986e-05,
      "loss": 1.4491,
      "step": 12175
    },
    {
      "epoch": 0.71,
      "learning_rate": 5.7375036539023684e-05,
      "loss": 0.9708,
      "step": 12200
    },
    {
      "epoch": 0.71,
      "learning_rate": 5.7082724349605375e-05,
      "loss": 1.4439,
      "step": 12225
    },
    {
      "epoch": 0.72,
      "learning_rate": 5.679041216018708e-05,
      "loss": 0.9636,
      "step": 12250
    },
    {
      "epoch": 0.72,
      "learning_rate": 5.649809997076878e-05,
      "loss": 1.4968,
      "step": 12275
    },
    {
      "epoch": 0.72,
      "learning_rate": 5.620578778135048e-05,
      "loss": 1.0033,
      "step": 12300
    },
    {
      "epoch": 0.72,
      "learning_rate": 5.591347559193219e-05,
      "loss": 1.4843,
      "step": 12325
    },
    {
      "epoch": 0.72,
      "learning_rate": 5.5621163402513886e-05,
      "loss": 0.9785,
      "step": 12350
    },
    {
      "epoch": 0.72,
      "learning_rate": 5.532885121309559e-05,
      "loss": 1.4147,
      "step": 12375
    },
    {
      "epoch": 0.72,
      "learning_rate": 5.503653902367729e-05,
      "loss": 0.9982,
      "step": 12400
    },
    {
      "epoch": 0.73,
      "learning_rate": 5.4744226834258994e-05,
      "loss": 1.4084,
      "step": 12425
    },
    {
      "epoch": 0.73,
      "learning_rate": 5.44519146448407e-05,
      "loss": 1.0054,
      "step": 12450
    },
    {
      "epoch": 0.73,
      "learning_rate": 5.41596024554224e-05,
      "loss": 1.4063,
      "step": 12475
    },
    {
      "epoch": 0.73,
      "learning_rate": 5.38672902660041e-05,
      "loss": 0.9777,
      "step": 12500
    },
    {
      "epoch": 0.73,
      "learning_rate": 5.357497807658579e-05,
      "loss": 1.4654,
      "step": 12525
    },
    {
      "epoch": 0.73,
      "learning_rate": 5.328266588716749e-05,
      "loss": 0.9931,
      "step": 12550
    },
    {
      "epoch": 0.74,
      "learning_rate": 5.2990353697749196e-05,
      "loss": 1.477,
      "step": 12575
    },
    {
      "epoch": 0.74,
      "learning_rate": 5.26980415083309e-05,
      "loss": 1.0116,
      "step": 12600
    },
    {
      "epoch": 0.74,
      "learning_rate": 5.24057293189126e-05,
      "loss": 1.4655,
      "step": 12625
    },
    {
      "epoch": 0.74,
      "learning_rate": 5.2113417129494303e-05,
      "loss": 0.9914,
      "step": 12650
    },
    {
      "epoch": 0.74,
      "learning_rate": 5.1821104940076e-05,
      "loss": 1.5435,
      "step": 12675
    },
    {
      "epoch": 0.74,
      "learning_rate": 5.1528792750657706e-05,
      "loss": 0.9773,
      "step": 12700
    },
    {
      "epoch": 0.74,
      "learning_rate": 5.123648056123941e-05,
      "loss": 1.4684,
      "step": 12725
    },
    {
      "epoch": 0.75,
      "learning_rate": 5.094416837182111e-05,
      "loss": 1.019,
      "step": 12750
    },
    {
      "epoch": 0.75,
      "learning_rate": 5.0651856182402814e-05,
      "loss": 1.5195,
      "step": 12775
    },
    {
      "epoch": 0.75,
      "learning_rate": 5.035954399298451e-05,
      "loss": 1.0067,
      "step": 12800
    },
    {
      "epoch": 0.75,
      "learning_rate": 5.0067231803566204e-05,
      "loss": 1.4892,
      "step": 12825
    },
    {
      "epoch": 0.75,
      "learning_rate": 4.9774919614147915e-05,
      "loss": 0.9766,
      "step": 12850
    },
    {
      "epoch": 0.75,
      "learning_rate": 4.948260742472961e-05,
      "loss": 1.4185,
      "step": 12875
    },
    {
      "epoch": 0.75,
      "learning_rate": 4.919029523531131e-05,
      "loss": 1.0214,
      "step": 12900
    },
    {
      "epoch": 0.76,
      "learning_rate": 4.8897983045893016e-05,
      "loss": 1.4319,
      "step": 12925
    },
    {
      "epoch": 0.76,
      "learning_rate": 4.8605670856474714e-05,
      "loss": 1.0503,
      "step": 12950
    },
    {
      "epoch": 0.76,
      "learning_rate": 4.831335866705642e-05,
      "loss": 1.4586,
      "step": 12975
    },
    {
      "epoch": 0.76,
      "learning_rate": 4.8021046477638124e-05,
      "loss": 0.9827,
      "step": 13000
    },
    {
      "epoch": 0.76,
      "learning_rate": 4.772873428821982e-05,
      "loss": 1.4927,
      "step": 13025
    },
    {
      "epoch": 0.76,
      "learning_rate": 4.743642209880152e-05,
      "loss": 1.0088,
      "step": 13050
    },
    {
      "epoch": 0.76,
      "learning_rate": 4.7144109909383225e-05,
      "loss": 1.4492,
      "step": 13075
    },
    {
      "epoch": 0.77,
      "learning_rate": 4.685179771996492e-05,
      "loss": 0.9971,
      "step": 13100
    },
    {
      "epoch": 0.77,
      "learning_rate": 4.655948553054663e-05,
      "loss": 1.4729,
      "step": 13125
    },
    {
      "epoch": 0.77,
      "learning_rate": 4.6267173341128326e-05,
      "loss": 1.0024,
      "step": 13150
    },
    {
      "epoch": 0.77,
      "learning_rate": 4.597486115171003e-05,
      "loss": 1.4361,
      "step": 13175
    },
    {
      "epoch": 0.77,
      "learning_rate": 4.5682548962291736e-05,
      "loss": 0.989,
      "step": 13200
    },
    {
      "epoch": 0.77,
      "learning_rate": 4.539023677287343e-05,
      "loss": 1.435,
      "step": 13225
    },
    {
      "epoch": 0.77,
      "learning_rate": 4.509792458345513e-05,
      "loss": 0.9972,
      "step": 13250
    },
    {
      "epoch": 0.78,
      "learning_rate": 4.4805612394036837e-05,
      "loss": 1.4662,
      "step": 13275
    },
    {
      "epoch": 0.78,
      "learning_rate": 4.4513300204618535e-05,
      "loss": 0.9939,
      "step": 13300
    },
    {
      "epoch": 0.78,
      "learning_rate": 4.422098801520024e-05,
      "loss": 1.4496,
      "step": 13325
    },
    {
      "epoch": 0.78,
      "learning_rate": 4.392867582578194e-05,
      "loss": 0.9603,
      "step": 13350
    },
    {
      "epoch": 0.78,
      "learning_rate": 4.3636363636363636e-05,
      "loss": 1.4605,
      "step": 13375
    },
    {
      "epoch": 0.78,
      "learning_rate": 4.334405144694534e-05,
      "loss": 1.0565,
      "step": 13400
    },
    {
      "epoch": 0.78,
      "learning_rate": 4.305173925752704e-05,
      "loss": 1.4448,
      "step": 13425
    },
    {
      "epoch": 0.79,
      "learning_rate": 4.2759427068108743e-05,
      "loss": 1.0283,
      "step": 13450
    },
    {
      "epoch": 0.79,
      "learning_rate": 4.246711487869045e-05,
      "loss": 1.4528,
      "step": 13475
    },
    {
      "epoch": 0.79,
      "learning_rate": 4.2174802689272146e-05,
      "loss": 1.0019,
      "step": 13500
    },
    {
      "epoch": 0.79,
      "learning_rate": 4.1882490499853844e-05,
      "loss": 1.436,
      "step": 13525
    },
    {
      "epoch": 0.79,
      "learning_rate": 4.159017831043554e-05,
      "loss": 0.9522,
      "step": 13550
    },
    {
      "epoch": 0.79,
      "learning_rate": 4.129786612101725e-05,
      "loss": 1.5137,
      "step": 13575
    },
    {
      "epoch": 0.79,
      "learning_rate": 4.100555393159895e-05,
      "loss": 1.0299,
      "step": 13600
    },
    {
      "epoch": 0.8,
      "learning_rate": 4.071324174218065e-05,
      "loss": 1.407,
      "step": 13625
    },
    {
      "epoch": 0.8,
      "learning_rate": 4.0420929552762355e-05,
      "loss": 1.0175,
      "step": 13650
    },
    {
      "epoch": 0.8,
      "learning_rate": 4.012861736334405e-05,
      "loss": 1.4596,
      "step": 13675
    },
    {
      "epoch": 0.8,
      "learning_rate": 3.983630517392575e-05,
      "loss": 1.0373,
      "step": 13700
    },
    {
      "epoch": 0.8,
      "learning_rate": 3.9543992984507456e-05,
      "loss": 1.4702,
      "step": 13725
    },
    {
      "epoch": 0.8,
      "learning_rate": 3.9251680795089154e-05,
      "loss": 0.9804,
      "step": 13750
    },
    {
      "epoch": 0.81,
      "learning_rate": 3.895936860567086e-05,
      "loss": 1.4537,
      "step": 13775
    },
    {
      "epoch": 0.81,
      "learning_rate": 3.8667056416252564e-05,
      "loss": 1.0428,
      "step": 13800
    },
    {
      "epoch": 0.81,
      "learning_rate": 3.8374744226834255e-05,
      "loss": 1.4093,
      "step": 13825
    },
    {
      "epoch": 0.81,
      "learning_rate": 3.808243203741596e-05,
      "loss": 0.9532,
      "step": 13850
    },
    {
      "epoch": 0.81,
      "learning_rate": 3.7790119847997665e-05,
      "loss": 1.4693,
      "step": 13875
    },
    {
      "epoch": 0.81,
      "learning_rate": 3.749780765857936e-05,
      "loss": 1.0125,
      "step": 13900
    },
    {
      "epoch": 0.81,
      "learning_rate": 3.720549546916107e-05,
      "loss": 1.4322,
      "step": 13925
    },
    {
      "epoch": 0.82,
      "learning_rate": 3.6913183279742766e-05,
      "loss": 0.9942,
      "step": 13950
    },
    {
      "epoch": 0.82,
      "learning_rate": 3.6620871090324464e-05,
      "loss": 1.4569,
      "step": 13975
    },
    {
      "epoch": 0.82,
      "learning_rate": 3.632855890090617e-05,
      "loss": 0.9851,
      "step": 14000
    },
    {
      "epoch": 0.82,
      "learning_rate": 3.603624671148787e-05,
      "loss": 1.4867,
      "step": 14025
    },
    {
      "epoch": 0.82,
      "learning_rate": 3.574393452206957e-05,
      "loss": 0.9864,
      "step": 14050
    },
    {
      "epoch": 0.82,
      "learning_rate": 3.5451622332651276e-05,
      "loss": 1.4472,
      "step": 14075
    },
    {
      "epoch": 0.82,
      "learning_rate": 3.5159310143232975e-05,
      "loss": 1.0208,
      "step": 14100
    },
    {
      "epoch": 0.83,
      "learning_rate": 3.486699795381468e-05,
      "loss": 1.3882,
      "step": 14125
    },
    {
      "epoch": 0.83,
      "learning_rate": 3.457468576439638e-05,
      "loss": 0.9582,
      "step": 14150
    },
    {
      "epoch": 0.83,
      "learning_rate": 3.4282373574978076e-05,
      "loss": 1.4459,
      "step": 14175
    },
    {
      "epoch": 0.83,
      "learning_rate": 3.399006138555978e-05,
      "loss": 0.9775,
      "step": 14200
    },
    {
      "epoch": 0.83,
      "learning_rate": 3.369774919614148e-05,
      "loss": 1.4431,
      "step": 14225
    },
    {
      "epoch": 0.83,
      "learning_rate": 3.340543700672318e-05,
      "loss": 0.9619,
      "step": 14250
    },
    {
      "epoch": 0.83,
      "learning_rate": 3.311312481730489e-05,
      "loss": 1.5152,
      "step": 14275
    },
    {
      "epoch": 0.84,
      "learning_rate": 3.282081262788658e-05,
      "loss": 1.0379,
      "step": 14300
    },
    {
      "epoch": 0.84,
      "learning_rate": 3.2528500438468284e-05,
      "loss": 1.4966,
      "step": 14325
    },
    {
      "epoch": 0.84,
      "learning_rate": 3.223618824904999e-05,
      "loss": 1.0064,
      "step": 14350
    },
    {
      "epoch": 0.84,
      "learning_rate": 3.194387605963169e-05,
      "loss": 1.5177,
      "step": 14375
    },
    {
      "epoch": 0.84,
      "learning_rate": 3.165156387021339e-05,
      "loss": 0.9977,
      "step": 14400
    },
    {
      "epoch": 0.84,
      "learning_rate": 3.135925168079509e-05,
      "loss": 1.465,
      "step": 14425
    },
    {
      "epoch": 0.84,
      "learning_rate": 3.106693949137679e-05,
      "loss": 0.951,
      "step": 14450
    },
    {
      "epoch": 0.85,
      "learning_rate": 3.077462730195849e-05,
      "loss": 1.4464,
      "step": 14475
    },
    {
      "epoch": 0.85,
      "learning_rate": 3.0482315112540195e-05,
      "loss": 1.0033,
      "step": 14500
    },
    {
      "epoch": 0.85,
      "learning_rate": 3.0190002923121896e-05,
      "loss": 1.4354,
      "step": 14525
    },
    {
      "epoch": 0.85,
      "learning_rate": 2.9897690733703597e-05,
      "loss": 1.0004,
      "step": 14550
    },
    {
      "epoch": 0.85,
      "learning_rate": 2.96053785442853e-05,
      "loss": 1.437,
      "step": 14575
    },
    {
      "epoch": 0.85,
      "learning_rate": 2.9313066354866997e-05,
      "loss": 0.9575,
      "step": 14600
    },
    {
      "epoch": 0.85,
      "learning_rate": 2.90207541654487e-05,
      "loss": 1.4235,
      "step": 14625
    },
    {
      "epoch": 0.86,
      "learning_rate": 2.87284419760304e-05,
      "loss": 1.025,
      "step": 14650
    },
    {
      "epoch": 0.86,
      "learning_rate": 2.8436129786612105e-05,
      "loss": 1.5231,
      "step": 14675
    },
    {
      "epoch": 0.86,
      "learning_rate": 2.8143817597193806e-05,
      "loss": 1.0057,
      "step": 14700
    },
    {
      "epoch": 0.86,
      "learning_rate": 2.7851505407775508e-05,
      "loss": 1.4838,
      "step": 14725
    },
    {
      "epoch": 0.86,
      "learning_rate": 2.7559193218357206e-05,
      "loss": 1.0056,
      "step": 14750
    },
    {
      "epoch": 0.86,
      "learning_rate": 2.7266881028938907e-05,
      "loss": 1.5056,
      "step": 14775
    },
    {
      "epoch": 0.87,
      "learning_rate": 2.697456883952061e-05,
      "loss": 1.03,
      "step": 14800
    },
    {
      "epoch": 0.87,
      "learning_rate": 2.668225665010231e-05,
      "loss": 1.4918,
      "step": 14825
    },
    {
      "epoch": 0.87,
      "learning_rate": 2.638994446068401e-05,
      "loss": 0.9978,
      "step": 14850
    },
    {
      "epoch": 0.87,
      "learning_rate": 2.6097632271265716e-05,
      "loss": 1.4483,
      "step": 14875
    },
    {
      "epoch": 0.87,
      "learning_rate": 2.580532008184741e-05,
      "loss": 0.9627,
      "step": 14900
    },
    {
      "epoch": 0.87,
      "learning_rate": 2.5513007892429113e-05,
      "loss": 1.4549,
      "step": 14925
    },
    {
      "epoch": 0.87,
      "learning_rate": 2.5220695703010817e-05,
      "loss": 0.9948,
      "step": 14950
    },
    {
      "epoch": 0.88,
      "learning_rate": 2.492838351359252e-05,
      "loss": 1.4757,
      "step": 14975
    },
    {
      "epoch": 0.88,
      "learning_rate": 2.463607132417422e-05,
      "loss": 0.9996,
      "step": 15000
    },
    {
      "epoch": 0.88,
      "learning_rate": 2.434375913475592e-05,
      "loss": 1.469,
      "step": 15025
    },
    {
      "epoch": 0.88,
      "learning_rate": 2.4051446945337623e-05,
      "loss": 1.0062,
      "step": 15050
    },
    {
      "epoch": 0.88,
      "learning_rate": 2.3759134755919325e-05,
      "loss": 1.4657,
      "step": 15075
    },
    {
      "epoch": 0.88,
      "learning_rate": 2.3466822566501023e-05,
      "loss": 1.0038,
      "step": 15100
    },
    {
      "epoch": 0.88,
      "learning_rate": 2.3174510377082724e-05,
      "loss": 1.4684,
      "step": 15125
    },
    {
      "epoch": 0.89,
      "learning_rate": 2.288219818766443e-05,
      "loss": 0.9764,
      "step": 15150
    },
    {
      "epoch": 0.89,
      "learning_rate": 2.2589885998246127e-05,
      "loss": 1.4942,
      "step": 15175
    },
    {
      "epoch": 0.89,
      "learning_rate": 2.229757380882783e-05,
      "loss": 1.0035,
      "step": 15200
    },
    {
      "epoch": 0.89,
      "learning_rate": 2.200526161940953e-05,
      "loss": 1.5109,
      "step": 15225
    },
    {
      "epoch": 0.89,
      "learning_rate": 2.171294942999123e-05,
      "loss": 1.0291,
      "step": 15250
    },
    {
      "epoch": 0.89,
      "learning_rate": 2.1420637240572933e-05,
      "loss": 1.4743,
      "step": 15275
    },
    {
      "epoch": 0.89,
      "learning_rate": 2.1128325051154634e-05,
      "loss": 0.9944,
      "step": 15300
    },
    {
      "epoch": 0.9,
      "learning_rate": 2.0836012861736336e-05,
      "loss": 1.4757,
      "step": 15325
    },
    {
      "epoch": 0.9,
      "learning_rate": 2.0543700672318037e-05,
      "loss": 1.0277,
      "step": 15350
    },
    {
      "epoch": 0.9,
      "learning_rate": 2.025138848289974e-05,
      "loss": 1.4659,
      "step": 15375
    },
    {
      "epoch": 0.9,
      "learning_rate": 1.9959076293481437e-05,
      "loss": 1.0063,
      "step": 15400
    },
    {
      "epoch": 0.9,
      "learning_rate": 1.966676410406314e-05,
      "loss": 1.4497,
      "step": 15425
    },
    {
      "epoch": 0.9,
      "learning_rate": 1.9374451914644843e-05,
      "loss": 0.9437,
      "step": 15450
    },
    {
      "epoch": 0.9,
      "learning_rate": 1.908213972522654e-05,
      "loss": 1.4843,
      "step": 15475
    },
    {
      "epoch": 0.91,
      "learning_rate": 1.8789827535808243e-05,
      "loss": 0.9625,
      "step": 15500
    },
    {
      "epoch": 0.91,
      "learning_rate": 1.8497515346389944e-05,
      "loss": 1.466,
      "step": 15525
    },
    {
      "epoch": 0.91,
      "learning_rate": 1.8205203156971646e-05,
      "loss": 0.9765,
      "step": 15550
    },
    {
      "epoch": 0.91,
      "learning_rate": 1.7912890967553347e-05,
      "loss": 1.4201,
      "step": 15575
    },
    {
      "epoch": 0.91,
      "learning_rate": 1.762057877813505e-05,
      "loss": 0.9805,
      "step": 15600
    },
    {
      "epoch": 0.91,
      "learning_rate": 1.732826658871675e-05,
      "loss": 1.4572,
      "step": 15625
    },
    {
      "epoch": 0.91,
      "learning_rate": 1.703595439929845e-05,
      "loss": 0.9947,
      "step": 15650
    },
    {
      "epoch": 0.92,
      "learning_rate": 1.6743642209880153e-05,
      "loss": 1.4843,
      "step": 15675
    },
    {
      "epoch": 0.92,
      "learning_rate": 1.6451330020461854e-05,
      "loss": 0.9932,
      "step": 15700
    },
    {
      "epoch": 0.92,
      "learning_rate": 1.6159017831043556e-05,
      "loss": 1.471,
      "step": 15725
    },
    {
      "epoch": 0.92,
      "learning_rate": 1.5866705641625257e-05,
      "loss": 1.0018,
      "step": 15750
    },
    {
      "epoch": 0.92,
      "learning_rate": 1.557439345220696e-05,
      "loss": 1.4577,
      "step": 15775
    },
    {
      "epoch": 0.92,
      "learning_rate": 1.5282081262788657e-05,
      "loss": 1.0066,
      "step": 15800
    },
    {
      "epoch": 0.93,
      "learning_rate": 1.498976907337036e-05,
      "loss": 1.4182,
      "step": 15825
    },
    {
      "epoch": 0.93,
      "learning_rate": 1.4697456883952063e-05,
      "loss": 1.0236,
      "step": 15850
    },
    {
      "epoch": 0.93,
      "learning_rate": 1.4405144694533761e-05,
      "loss": 1.4637,
      "step": 15875
    },
    {
      "epoch": 0.93,
      "learning_rate": 1.4112832505115464e-05,
      "loss": 1.0169,
      "step": 15900
    },
    {
      "epoch": 0.93,
      "learning_rate": 1.3820520315697166e-05,
      "loss": 1.4647,
      "step": 15925
    },
    {
      "epoch": 0.93,
      "learning_rate": 1.3528208126278866e-05,
      "loss": 0.9901,
      "step": 15950
    },
    {
      "epoch": 0.93,
      "learning_rate": 1.3235895936860567e-05,
      "loss": 1.4547,
      "step": 15975
    },
    {
      "epoch": 0.94,
      "learning_rate": 1.294358374744227e-05,
      "loss": 0.9753,
      "step": 16000
    },
    {
      "epoch": 0.94,
      "learning_rate": 1.265127155802397e-05,
      "loss": 1.4919,
      "step": 16025
    },
    {
      "epoch": 0.94,
      "learning_rate": 1.2358959368605671e-05,
      "loss": 1.0446,
      "step": 16050
    },
    {
      "epoch": 0.94,
      "learning_rate": 1.2066647179187373e-05,
      "loss": 1.3952,
      "step": 16075
    },
    {
      "epoch": 0.94,
      "learning_rate": 1.1774334989769074e-05,
      "loss": 1.0376,
      "step": 16100
    },
    {
      "epoch": 0.94,
      "learning_rate": 1.1482022800350776e-05,
      "loss": 1.4738,
      "step": 16125
    },
    {
      "epoch": 0.94,
      "learning_rate": 1.1189710610932476e-05,
      "loss": 0.9765,
      "step": 16150
    },
    {
      "epoch": 0.95,
      "learning_rate": 1.0897398421514179e-05,
      "loss": 1.4276,
      "step": 16175
    },
    {
      "epoch": 0.95,
      "learning_rate": 1.0605086232095879e-05,
      "loss": 0.9848,
      "step": 16200
    },
    {
      "epoch": 0.95,
      "learning_rate": 1.031277404267758e-05,
      "loss": 1.4723,
      "step": 16225
    },
    {
      "epoch": 0.95,
      "learning_rate": 1.0020461853259281e-05,
      "loss": 0.985,
      "step": 16250
    },
    {
      "epoch": 0.95,
      "learning_rate": 9.728149663840983e-06,
      "loss": 1.4297,
      "step": 16275
    },
    {
      "epoch": 0.95,
      "learning_rate": 9.435837474422683e-06,
      "loss": 0.9665,
      "step": 16300
    },
    {
      "epoch": 0.95,
      "learning_rate": 9.143525285004386e-06,
      "loss": 1.4628,
      "step": 16325
    },
    {
      "epoch": 0.96,
      "learning_rate": 8.851213095586086e-06,
      "loss": 0.9903,
      "step": 16350
    },
    {
      "epoch": 0.96,
      "learning_rate": 8.558900906167789e-06,
      "loss": 1.4783,
      "step": 16375
    },
    {
      "epoch": 0.96,
      "learning_rate": 8.266588716749489e-06,
      "loss": 0.9989,
      "step": 16400
    },
    {
      "epoch": 0.96,
      "learning_rate": 7.97427652733119e-06,
      "loss": 1.4432,
      "step": 16425
    },
    {
      "epoch": 0.96,
      "learning_rate": 7.681964337912891e-06,
      "loss": 0.9751,
      "step": 16450
    },
    {
      "epoch": 0.96,
      "learning_rate": 7.389652148494593e-06,
      "loss": 1.4879,
      "step": 16475
    },
    {
      "epoch": 0.96,
      "learning_rate": 7.0973399590762935e-06,
      "loss": 0.9761,
      "step": 16500
    },
    {
      "epoch": 0.97,
      "learning_rate": 6.805027769657996e-06,
      "loss": 1.395,
      "step": 16525
    },
    {
      "epoch": 0.97,
      "learning_rate": 6.5127155802396965e-06,
      "loss": 0.9472,
      "step": 16550
    },
    {
      "epoch": 0.97,
      "learning_rate": 6.220403390821398e-06,
      "loss": 1.5159,
      "step": 16575
    },
    {
      "epoch": 0.97,
      "learning_rate": 5.9280912014030985e-06,
      "loss": 0.9832,
      "step": 16600
    },
    {
      "epoch": 0.97,
      "learning_rate": 5.6357790119848e-06,
      "loss": 1.4553,
      "step": 16625
    },
    {
      "epoch": 0.97,
      "learning_rate": 5.3434668225665014e-06,
      "loss": 0.9787,
      "step": 16650
    },
    {
      "epoch": 0.97,
      "learning_rate": 5.051154633148202e-06,
      "loss": 1.4247,
      "step": 16675
    },
    {
      "epoch": 0.98,
      "learning_rate": 4.7588424437299035e-06,
      "loss": 0.9998,
      "step": 16700
    },
    {
      "epoch": 0.98,
      "learning_rate": 4.466530254311605e-06,
      "loss": 1.4727,
      "step": 16725
    },
    {
      "epoch": 0.98,
      "learning_rate": 4.1742180648933064e-06,
      "loss": 0.9983,
      "step": 16750
    },
    {
      "epoch": 0.98,
      "learning_rate": 3.881905875475007e-06,
      "loss": 1.4138,
      "step": 16775
    },
    {
      "epoch": 0.98,
      "learning_rate": 3.589593686056709e-06,
      "loss": 0.9528,
      "step": 16800
    },
    {
      "epoch": 0.98,
      "learning_rate": 3.2972814966384104e-06,
      "loss": 1.513,
      "step": 16825
    },
    {
      "epoch": 0.98,
      "learning_rate": 3.0049693072201114e-06,
      "loss": 1.0136,
      "step": 16850
    },
    {
      "epoch": 0.99,
      "learning_rate": 2.7126571178018125e-06,
      "loss": 1.4765,
      "step": 16875
    },
    {
      "epoch": 0.99,
      "learning_rate": 2.4203449283835135e-06,
      "loss": 0.9898,
      "step": 16900
    },
    {
      "epoch": 0.99,
      "learning_rate": 2.128032738965215e-06,
      "loss": 1.5041,
      "step": 16925
    },
    {
      "epoch": 0.99,
      "learning_rate": 1.8357205495469162e-06,
      "loss": 1.0044,
      "step": 16950
    },
    {
      "epoch": 0.99,
      "learning_rate": 1.5434083601286175e-06,
      "loss": 1.464,
      "step": 16975
    },
    {
      "epoch": 0.99,
      "learning_rate": 1.2510961707103187e-06,
      "loss": 0.9997,
      "step": 17000
    }
  ],
  "logging_steps": 25,
  "max_steps": 17107,
  "num_train_epochs": 1,
  "save_steps": 1000,
  "total_flos": 1.3908215912005632e+17,
  "trial_name": null,
  "trial_params": null
}
